X,Y,Diameter,Name
395.0,171.0,45.562626,Bang
446.0,106.0,51.797173,Bang
530.0,93.0,56.83739,Bang
526.0,144.0,50.04407,Bang
445.0,176.0,75.487,Bang
310.0,231.0,64.65101,Bang
121.0,232.0,68.12413,Bang
210.0,322.0,65.87966,Bang
349.0,347.0,48.068222,Bang
212.0,187.0,55.49604,Bang
